,Path,FileName,From,To,Sent,Subject,Content
32,pdfs/kronprinsessen/EFTA00991747.pdf,EFTA00991747.pdf,Jeffrey Epstein,H.K.H. Kronprinsessen,2014-06-23 10:07:37+00:00,, ??9 
33,pdfs/kronprinsessen/EFTA00992209.pdf,EFTA00992209.pdf,Jeffrey Epstein,H.K.H. Kronprinsessen,2014-06-21 02:05:41+00:00,, we didn't finish conversation 
35,pdfs/kronprinsessen/EFTA01919221.pdf,EFTA01919221.pdf,Jeffrey Epstein,H.K.H. Kronprinsessen,2014-06-16 10:27:38+00:00,Re:, plate send number 
37,pdfs/kronprinsessen/EFTA01921617.pdf,EFTA01921617.pdf,Jeffrey Epstein,H.K.H. Kronprinsessen,2014-06-15 21:00:04+00:00,Re:," Ok On Sunday, June 15, 2014, H.K.H. Kronprinsessen ote: Tomorrow works for me Den 15. juni 2014 kl. 21:26 skrev ""jeffrey E."" leevacation@gmail.com>: when you have time we can continue the conversation "
40,pdfs/kronprinsessen/EFTA00991191.pdf,EFTA00991191.pdf,Jeffrey Epstein,H.K.H. Kronprinsessen,2014-06-14 11:08:44+00:00,," didn;t get to see you, ? "
49,pdfs/kronprinsessen/EFTA00991108.pdf,EFTA00991108.pdf,Jeffrey Epstein,H.K.H. Kronprinsessen,2014-06-09 11:40:37+00:00,, well? 
71,pdfs/kronprinsessen/EFTA00989216.pdf,EFTA00989216.pdf,Jeffrey Epstein,H.K.H. Kronprinsessen,2014-05-17 13:20:50+00:00,," happy national day, hope you are well "
78,pdfs/kronprinsessen/EFTA00983338.pdf,EFTA00983338.pdf,Jeffrey Epstein,H.K.H. Kronprinsessen,2014-02-06 18:34:19+00:00,, I think you and Ariane will really get along. you share many interests
80,pdfs/kronprinsessen/EFTA00982400.pdf,EFTA00982400.pdf,Jeffrey Epstein,H.K.H. Kronprinsessen,2014-01-28 11:52:21+00:00,," spoke to boris , glad to hear you are feeling better"
82,pdfs/kronprinsessen/EFTA00980225.pdf,EFTA00980225.pdf,Jeffrey Epstein,H.K.H. Kronprinsessen,2014-01-07 17:55:55+00:00,Re:, You can say that 
84,pdfs/kronprinsessen/EFTA00980215.pdf,EFTA00980215.pdf,Jeffrey Epstein,H.K.H. Kronprinsessen,2014-01-07 17:07:03+00:00,Re:, Woody Allen at my house for a week 
87,pdfs/kronprinsessen/EFTA00980194.pdf,EFTA00980194.pdf,Jeffrey Epstein,H.K.H. Kronprinsessen,2014-01-07 14:44:36+00:00,Re:, Both today 
89,pdfs/kronprinsessen/EFTA00980126.pdf,EFTA00980126.pdf,Jeffrey Epstein,H.K.H. Kronprinsessen,2014-01-06 23:48:21+00:00,, i ye been thinking about you how are you feeling. ?
90,pdfs/kronprinsessen/EFTA00979378.pdf,EFTA00979378.pdf,Jeffrey Epstein,H.K.H. Kronprinsessen,2013-12-21 11:47:34+00:00,, where for the holidays?
92,pdfs/kronprinsessen/EFTA00978633.pdf,EFTA00978633.pdf,Jeffrey Epstein,H.K.H. Kronprinsessen,2013-12-14 07:00:22+00:00,, How are you
93,pdfs/kronprinsessen/EFTA01945437.pdf,EFTA01945437.pdf,Jeffrey Epstein,H.K.H. Kronprinsessen,2013-12-14 07:00:22+00:00,, How arc you
105,pdfs/kronprinsessen/EFTA00975487.pdf,EFTA00975487.pdf,Jeffrey Epstein,H.K.H. Kronprinsessen,2013-11-09 03:55:54+00:00,, 111 Hope it goes well. If you prefer us hospital help
106,pdfs/kronprinsessen/EFTA01952343.pdf,EFTA01952343.pdf,Jeffrey Epstein,H.K.H. Kronprinsessen,2013-11-03 15:53:06+00:00,, any better?
107,pdfs/kronprinsessen/EFTA00975246.pdf,EFTA00975246.pdf,Jeffrey Epstein,H.K.H. Kronprinsessen,2013-11-03 15:53:06+00:00,, any better?
115,pdfs/kronprinsessen/EFTA00972924.pdf,EFTA00972924.pdf,Jeffrey Epstein,H.K.H. Kronprinsessen,2013-10-09 08:24:29+00:00,Re:, try the financier by theodor dreiser... gone with the wind margaret mitchell.. catch 22 heller. . 
117,pdfs/kronprinsessen/EFTA00972919.pdf,EFTA00972919.pdf,Jeffrey Epstein,H.K.H. Kronprinsessen,2013-10-09 08:05:04+00:00,," have you found my new asst yet. seriously, how are you feeling? . I am interviewing in paris. very difficutl so far."
118,pdfs/kronprinsessen/EFTA00971989.pdf,EFTA00971989.pdf,Jeffrey Epstein,H.K.H. Kronprinsessen,2013-10-06 13:15:02+00:00,Re:, back/ neck? emotionally? 
126,pdfs/kronprinsessen/EFTA00971295.pdf,EFTA00971295.pdf,Jeffrey Epstein,H.K.H. Kronprinsessen,2013-09-28 15:51:58+00:00,, hope you are feeling better
128,pdfs/kronprinsessen/EFTA00971629.pdf,EFTA00971629.pdf,Jeffrey Epstein,H.K.H. Kronprinsessen,2013-09-26 18:27:46+00:00,, will i see you tomorw
129,pdfs/kronprinsessen/EFTA00971563.pdf,EFTA00971563.pdf,Jeffrey Epstein,H.K.H. Kronprinsessen,2013-09-26 10:55:31+00:00,," I may be here on friday . you looked great , would love to catch up."
135,pdfs/kronprinsessen/EFTA00872575.pdf,EFTA00872575.pdf,Jeffrey Epstein,H.K.H. Kronprinsessen,2013-09-25 00:40:19+00:00,Re:, yes 
138,pdfs/kronprinsessen/EFTA00872477.pdf,EFTA00872477.pdf,Jeffrey Epstein,H.K.H. Kronprinsessen,2013-09-24 14:41:45+00:00,Re:, or 
140,pdfs/kronprinsessen/EFTA02520368.pdf,EFTA02520368.pdf,Jeffrey Epstein,H.K.H. Kronprinsessen,2013-09-24 14:39:00+00:00,Re:," please coordinate time with Leslie, =/div> "
141,pdfs/kronprinsessen/EFTA00872476.pdf,EFTA00872476.pdf,Jeffrey Epstein,H.K.H. Kronprinsessen,2013-09-24 14:38:49+00:00,Re:," please coordinate time with Leslie, "
142,pdfs/kronprinsessen/EFTA00383005.pdf,EFTA00383005.pdf,Jeffrey Epstein,H.K.H. Kronprinsessen,2013-09-24 14:38:49+00:00,Re:," please coordinate time with Leslie, "
146,pdfs/kronprinsessen/EFTA00971170.pdf,EFTA00971170.pdf,Jeffrey Epstein,H.K.H. Kronprinsessen,2013-09-22 19:21:08+00:00,, Come visit
147,pdfs/kronprinsessen/EFTA00971120.pdf,EFTA00971120.pdf,Jeffrey Epstein,H.K.H. Kronprinsessen,2013-09-22 13:07:46+00:00,," welcome. I told boris there are a group of swedish female economists coming to the house at 6 tonight , you are of course welcome."
157,pdfs/kronprinsessen/EFTA00872765.pdf,EFTA00872765.pdf,Jeffrey Epstein,H.K.H. Kronprinsessen,2013-09-20 03:14:24+00:00,, when?
164,pdfs/kronprinsessen/EFTA02574776.pdf,EFTA02574776.pdf,Jeffrey Epstein,H.K.H. Kronprinsessen,2013-09-17 13:13:00+00:00,, when are you free sat sun?
165,pdfs/kronprinsessen/EFTA00970792.pdf,EFTA00970792.pdf,Jeffrey Epstein,H.K.H. Kronprinsessen,2013-09-17 13:12:39+00:00,, when are you free sat sun?
170,pdfs/kronprinsessen/EFTA00970673.pdf,EFTA00970673.pdf,Jeffrey Epstein,H.K.H. Kronprinsessen,2013-09-12 23:48:21+00:00,, what days will you be in?
172,pdfs/kronprinsessen/EFTA00969247.pdf,EFTA00969247.pdf,Jeffrey Epstein,H.K.H. Kronprinsessen,2013-09-11 12:23:21+00:00,Re:, from the 20-27 
176,pdfs/kronprinsessen/EFTA00965746.pdf,EFTA00965746.pdf,Jeffrey Epstein,H.K.H. Kronprinsessen,2013-07-31 15:44:55+00:00,Re:, boris 
177,pdfs/kronprinsessen/EFTA01966612.pdf,EFTA01966612.pdf,Jeffrey Epstein,H.K.H. Kronprinsessen,2013-07-31 13:10:12+00:00,, thanks
178,pdfs/kronprinsessen/EFTA00965735.pdf,EFTA00965735.pdf,Jeffrey Epstein,H.K.H. Kronprinsessen,2013-07-31 13:10:12+00:00,, thanks
180,pdfs/kronprinsessen/EFTA02386200.pdf,EFTA02386200.pdf,Jeffrey Epstein,H.K.H. Kronprinsessen,2013-06-28 01:52:00+00:00,"Photo from Jun 27, 2013", 1 EFTA_R1_01405861 EFTA02386200
181,pdfs/kronprinsessen/EFTA00964362.pdf,EFTA00964362.pdf,Jeffrey Epstein,H.K.H. Kronprinsessen,2013-06-27 15:46:25+00:00,, shoppping at530
198,pdfs/kronprinsessen/EFTA00963816.pdf,EFTA00963816.pdf,Jeffrey Epstein,H.K.H. Kronprinsessen,2013-06-26 13:50:47+00:00,Re:, of cousre 
202,pdfs/kronprinsessen/EFTA00963796.pdf,EFTA00963796.pdf,Jeffrey Epstein,H.K.H. Kronprinsessen,2013-06-26 11:36:17+00:00,Re:, no at harvard 
215,pdfs/kronprinsessen/EFTA02135894.pdf,EFTA02135894.pdf,Jeffrey Epstein,H.K.H. Kronprinsessen,2013-06-22 10:05:48+00:00,Re: Princess Mette," To: Cc: ""H. K.H. Kronprinsessen"" <I MM> I think she has TGE wrong Monday , ask her if this thurs works "
216,pdfs/mette/EFTA02135894.pdf,EFTA02135894.pdf,Jeffrey Epstein,H.K.H. Kronprinsessen,2013-06-22 10:05:48+00:00,Re: Princess Mette," To: Cc: ""H. K.H. Kronprinsessen"" <I MM> I think she has TGE wrong Monday , ask her if this thurs works "
227,pdfs/kpm/EFTA01966833.pdf,EFTA01966833.pdf,Jeffrey Epstein,H.K.H. Kronprinsessen,2013-06-18 11:50:27+00:00,Re:, than night ? 
228,pdfs/kpm/EFTA00963551.pdf,EFTA00963551.pdf,Jeffrey Epstein,H.K.H. Kronprinsessen,2013-06-18 11:50:27+00:00,Re:, thurs night ? 
230,pdfs/kronprinsessen/EFTA00963544.pdf,EFTA00963544.pdf,Jeffrey Epstein,H.K.H. Kronprinsessen,2013-06-18 11:19:04+00:00,," what days ,"
231,pdfs/kronprinsessen/EFTA01966593.pdf,EFTA01966593.pdf,Jeffrey Epstein,H.K.H. Kronprinsessen,2013-06-18 11:19:04+00:00,," what days ,"
232,pdfs/kpm/EFTA00873935.pdf,EFTA00873935.pdf,Jeffrey Epstein,H.K.H. Kronprinsessen,2013-06-17 07:12:14+00:00,Re:, 24 
236,pdfs/kronprinsessen/EFTA00961224.pdf,EFTA00961224.pdf,Jeffrey Epstein,H.K.H. Kronprinsessen,2013-05-28 11:10:16+00:00,, sounds like a fun trip you are about to embark on
241,pdfs/kronprinsessen/EFTA00959983.pdf,EFTA00959983.pdf,Jeffrey Epstein,H.K.H. Kronprinsessen,2013-05-06 10:58:21+00:00,, you are missed on this side of the atlanitc
243,pdfs/kronprinsessen/EFTA00959804.pdf,EFTA00959804.pdf,Jeffrey Epstein,H.K.H. Kronprinsessen,2013-04-26 16:47:48+00:00,Re:," new mexico riding horses, "
246,pdfs/kronprinsessen/EFTA00959782.pdf,EFTA00959782.pdf,Jeffrey Epstein,H.K.H. Kronprinsessen,2013-04-26 12:45:46+00:00,Re:, most places are 
250,pdfs/kronprinsessen/EFTA00958997.pdf,EFTA00958997.pdf,Jeffrey Epstein,H.K.H. Kronprinsessen,2013-04-20 15:23:12+00:00,, any plans for the states?
252,pdfs/kronprinsessen/EFTA00874621.pdf,EFTA00874621.pdf,Jeffrey Epstein,H.K.H. Kronprinsessen,2013-04-16 21:17:50+00:00,Re:, you ok? im gnat 
254,pdfs/kronprinsessen/EFTA00874612.pdf,EFTA00874612.pdf,Jeffrey Epstein,H.K.H. Kronprinsessen,2013-04-16 21:00:41+00:00,," why have i not heard from you, ?"
261,pdfs/kronprinsessen/EFTA00957701.pdf,EFTA00957701.pdf,Jeffrey Epstein,H.K.H. Kronprinsessen,2013-03-25 10:26:31+00:00,, paris'?
262,pdfs/kronprinsessen/EFTA01902316.pdf,EFTA01902316.pdf,Jeffrey Epstein,H.K.H. Kronprinsessen,2013-03-25 10:26:31+00:00,, paris?
264,pdfs/kronprinsessen/EFTA00956134.pdf,EFTA00956134.pdf,Jeffrey Epstein,H.K.H. Kronprinsessen,2013-03-16 12:33:45+00:00,, boris will be able to see again in about three monhts. its going very well
267,pdfs/kronprinsessen/EFTA00956125.pdf,EFTA00956125.pdf,Jeffrey Epstein,H.K.H. Kronprinsessen,2013-03-16 11:04:26+00:00,Re:," we talked about lora peano being old, and pinto being dead, you thought there was a young english guy.? "
269,pdfs/kronprinsessen/EFTA00956099.pdf,EFTA00956099.pdf,Jeffrey Epstein,H.K.H. Kronprinsessen,2013-03-16 01:31:15+00:00,," who was the english designet that you thought was energentic , but sophisticated?"
270,pdfs/kronprinsessen/EFTA00956739.pdf,EFTA00956739.pdf,Jeffrey Epstein,H.K.H. Kronprinsessen,2013-03-11 22:34:50+00:00,Re:, caribean then ny then paris 
272,pdfs/kronprinsessen/EFTA00956724.pdf,EFTA00956724.pdf,Jeffrey Epstein,H.K.H. Kronprinsessen,2013-03-11 19:18:04+00:00,, Where and when?
273,pdfs/kronprinsessen/EFTA00955971.pdf,EFTA00955971.pdf,Jeffrey Epstein,H.K.H. Kronprinsessen,2013-03-08 22:21:11+00:00,," will you be in paris 22-30? goig to verailles 27th,"
275,pdfs/kronprinsessen/EFTA00955473.pdf,EFTA00955473.pdf,Jeffrey Epstein,H.K.H. Kronprinsessen,2013-03-04 17:18:06+00:00,, did you have fun
276,pdfs/kronprinsessen/EFTA00875277.pdf,EFTA00875277.pdf,Jeffrey Epstein,H.K.H. Kronprinsessen,2013-02-28 01:20:26+00:00,Re:," im back in ny , until friday "
278,pdfs/kronprinsessen/EFTA00875204.pdf,EFTA00875204.pdf,Jeffrey Epstein,H.K.H. Kronprinsessen,2013-02-27 16:56:52+00:00,," boris was much bettter than i expected, you were missed but not forgoteen"
279,pdfs/kronprinsessen/EFTA00954779.pdf,EFTA00954779.pdf,Jeffrey Epstein,H.K.H. Kronprinsessen,2013-02-24 12:53:38+00:00,Re:," yes„ march with woody alien, "
281,pdfs/kronprinsessen/EFTA00954767.pdf,EFTA00954767.pdf,Jeffrey Epstein,H.K.H. Kronprinsessen,2013-02-24 03:02:39+00:00,, im in paris 22-31
283,pdfs/kronprinsessen/EFTA00955240.pdf,EFTA00955240.pdf,Jeffrey Epstein,H.K.H. Kronprinsessen,2013-02-23 15:14:58+00:00,, are you coming?
284,pdfs/kronprinsessen/EFTA00954490.pdf,EFTA00954490.pdf,Jeffrey Epstein,H.K.H. Kronprinsessen,2013-02-19 11:08:26+00:00,," im going to my ranch sat the 23 long beach the 25, you can fly the entire trip if you Ike"
290,pdfs/kronprinsessen/EFTA01904240.pdf,EFTA01904240.pdf,Jeffrey Epstein,H.K.H. Kronprinsessen,2013-02-10 16:41:20+00:00,, tried to call
291,pdfs/kronprinsessen/EFTA00875583.pdf,EFTA00875583.pdf,Jeffrey Epstein,H.K.H. Kronprinsessen,2013-02-10 16:41:20+00:00,, tried to call
292,pdfs/kronprinsessen/EFTA00875523.pdf,EFTA00875523.pdf,Jeffrey Epstein,H.K.H. Kronprinsessen,2013-02-09 23:08:13+00:00,, it got too late talk tomonv
293,pdfs/kronprinsessen/EFTA00875479.pdf,EFTA00875479.pdf,Jeffrey Epstein,H.K.H. Kronprinsessen,2013-02-09 13:21:24+00:00,Re:, ok 
296,pdfs/kronprinsessen/EFTA00875351.pdf,EFTA00875351.pdf,Jeffrey Epstein,H.K.H. Kronprinsessen,2013-02-08 13:43:22+00:00,, have you finalized plans for travle?
298,pdfs/kronprinsessen/EFTA00953401.pdf,EFTA00953401.pdf,Jeffrey Epstein,H.K.H. Kronprinsessen,2013-01-30 19:50:54+00:00,Re:," yes, i know, if you are blind and the only person who can hear and talk back 24 hrs a day, now is not the time to jettison "
300,pdfs/kronprinsessen/EFTA00953274.pdf,EFTA00953274.pdf,Jeffrey Epstein,H.K.H. Kronprinsessen,2013-01-29 17:06:39+00:00,," spoke to boris , it will be ok, he was overwhlemed both with his current circumestances and what a good friend you were"
304,pdfs/kronprinsessen/EFTA00952555.pdf,EFTA00952555.pdf,Jeffrey Epstein,H.K.H. Kronprinsessen,2013-01-16 18:32:12+00:00,, well?
305,pdfs/kronprinsessen/EFTA01909370.pdf,EFTA01909370.pdf,Jeffrey Epstein,H.K.H. Kronprinsessen,2013-01-16 18:32:12+00:00,, well?
307,pdfs/kronprinsessen/EFTA00875709.pdf,EFTA00875709.pdf,Jeffrey Epstein,H.K.H. Kronprinsessen,2013-01-13 15:37:28+00:00,, good flight? birthday marius?
309,pdfs/kronprinsessen/EFTA00875651.pdf,EFTA00875651.pdf,Jeffrey Epstein,H.K.H. Kronprinsessen,2013-01-11 20:59:10+00:00,Re:," im aware of this study„ it disapppeared two weeks later. if one listens to music everyday, your area is activated, ,just like a muscle„ i will send you the follow up "
324,pdfs/kronprinsessen/EFTA00951901.pdf,EFTA00951901.pdf,Jeffrey Epstein,H.K.H. Kronprinsessen,2013-01-09 16:24:36+00:00,, Ok?
325,pdfs/kronprinsessen/EFTA00952166.pdf,EFTA00952166.pdf,Jeffrey Epstein,H.K.H. Kronprinsessen,2013-01-08 11:00:53+00:00,," we should land at approx 230 thurs. If you are around , you can come meet us and see the big plane."
333,pdfs/kronprinsessen/EFTA00951367.pdf,EFTA00951367.pdf,Jeffrey Epstein,H.K.H. Kronprinsessen,2013-01-07 17:27:41+00:00,Re:," no, i land directly in palm beach, but i might go to miami late afternoon ,so lets coordinate "
336,pdfs/kronprinsessen/EFTA00951363.pdf,EFTA00951363.pdf,Jeffrey Epstein,H.K.H. Kronprinsessen,2013-01-07 17:21:01+00:00,Re:," she'll be in tonite, again, "
338,pdfs/kronprinsessen/EFTA00951360.pdf,EFTA00951360.pdf,Jeffrey Epstein,H.K.H. Kronprinsessen,2013-01-07 17:00:37+00:00,," . lena andersson„ of thanks,"
343,pdfs/kronprinsessen/EFTA00951345.pdf,EFTA00951345.pdf,Jeffrey Epstein,H.K.H. Kronprinsessen,2013-01-07 13:18:33+00:00,," haircut, dentist, sushi, bicylces. shopping, movies, beach, dock, enjoy, . feel free to use my steam, in my bathroom,"
344,pdfs/kronprinsessen/EFTA00951188.pdf,EFTA00951188.pdf,Jeffrey Epstein,H.K.H. Kronprinsessen,2013-01-06 15:05:07+00:00,Re: Great to see u," stubborn, i also understand, "
354,pdfs/kronprinsessen/EFTA00951123.pdf,EFTA00951123.pdf,Jeffrey Epstein,H.K.H. Kronprinsessen,2013-01-05 07:34:21+00:00,Re: Great to see u," Maturity sneaks its way in ,,,glad "
356,pdfs/kronprinsessen/EFTA00951792.pdf,EFTA00951792.pdf,Jeffrey Epstein,H.K.H. Kronprinsessen,2013-01-04 13:32:55+00:00,Re:, Will let you know when I do 
361,pdfs/kronprinsessen/EFTA00951788.pdf,EFTA00951788.pdf,Jeffrey Epstein,H.K.H. Kronprinsessen,2013-01-04 11:54:02+00:00,Re:, i will fly over if you tell me where you are.. make alot of noise etc. 
362,pdfs/kronprinsessen/EFTA00951785.pdf,EFTA00951785.pdf,Jeffrey Epstein,H.K.H. Kronprinsessen,2013-01-04 11:53:27+00:00,Re:," yes, it was reported back immediatly, she said you looked great, "
366,pdfs/kronprinsessen/EFTA00951782.pdf,EFTA00951782.pdf,Jeffrey Epstein,H.K.H. Kronprinsessen,2013-01-04 11:42:12+00:00,Re:, 12 
373,pdfs/kronprinsessen/EFTA00951754.pdf,EFTA00951754.pdf,Jeffrey Epstein,H.K.H. Kronprinsessen,2013-01-04 01:17:56+00:00,Re:," i will meet elon musk for lunch, you can join, or see you after , or in palm beach "
377,pdfs/kronprinsessen/EFTA00951718.pdf,EFTA00951718.pdf,Jeffrey Epstein,H.K.H. Kronprinsessen,2013-01-03 23:11:40+00:00,Re:," no worry, i have plenty to do there "
379,pdfs/kronprinsessen/EFTA00951697.pdf,EFTA00951697.pdf,Jeffrey Epstein,H.K.H. Kronprinsessen,2013-01-03 22:56:04+00:00,Re:," yes, what time will you be back "
381,pdfs/kronprinsessen/EFTA00951686.pdf,EFTA00951686.pdf,Jeffrey Epstein,H.K.H. Kronprinsessen,2013-01-03 21:59:59+00:00,, will be there tomoorw
403,pdfs/kronprinsessen/EFTA00951523.pdf,EFTA00951523.pdf,Jeffrey Epstein,H.K.H. Kronprinsessen,2013-01-02 15:28:26+00:00,Re:," in bed with flu, my turn "
423,pdfs/kronprinsessen/EFTA00951491.pdf,EFTA00951491.pdf,Jeffrey Epstein,H.K.H. Kronprinsessen,2013-01-02 14:33:33+00:00,Re:, 
431,pdfs/kronprinsessen/EFTA01762994.pdf,EFTA01762994.pdf,Jeffrey Epstein,H.K.H. Kronprinsessen,2013-01-01 18:57:00+00:00,, Attachments: photoJPG; Untitled attachment 00088.txt 1 EFTA_R1_00068741 EFTA01762994
432,pdfs/kronprinsessen/EFTA02706570.pdf,EFTA02706570.pdf,Jeffrey Epstein,H.K.H. Kronprinsessen,2013-01-01 18:57:00+00:00,, Attachments: photoJPG; Untitled attachment 00115.txt EFTA_R1_02 101597 EFTA02706570
433,pdfs/kronprinsessen/EFTA00642435.pdf,EFTA00642435.pdf,Jeffrey Epstein,H.K.H. Kronprinsessen,2013-01-01 18:56:36+00:00,, Inline-Images: photo.JPG Sony for all the typos .Sent from my iPhonelJ EFTA00642435
436,pdfs/kronprinsessen/EFTA00950735.pdf,EFTA00950735.pdf,Jeffrey Epstein,H.K.H. Kronprinsessen,2013-01-01 00:39:57+00:00,Re:, you can visit any day iwill send heli 
441,pdfs/kronprinsessen/EFTA00950589.pdf,EFTA00950589.pdf,Jeffrey Epstein,H.K.H. Kronprinsessen,2012-12-28 22:56:55+00:00,, I will be in st barth tomorrow „ how do I find you?
467,pdfs/kronprinsessen/EFTA00951043.pdf,EFTA00951043.pdf,Jeffrey Epstein,H.K.H. Kronprinsessen,2012-12-28 08:50:54+00:00,Re:, Breakfast?? 
472,pdfs/kronprinsessen/EFTA01910260.pdf,EFTA01910260.pdf,Jeffrey Epstein,H.K.H. Kronprinsessen,2012-12-28 02:11:00+00:00,," To: Boris Nikolic H. K.H. Kronprinsessen shooitng for dinner together the 10th in pb ******* ***** ****** ********** *********** ***** ************** ""Ile information contained in this communication is confidential, may be attorney-client privileged, may constitute inside information, and is intended only for the use of the addressee. It is the property of Jeffrey Epstein Unauthorized use, disclosure or copying of this communication or any part thereof is strictly prohibited and may be unlawful. If you have received this communication in error, please notify us immediately by return e-mail or by e-mail to ko,acationrstlemail com, and destroy this communication and all copies thereof, including all attachments. copyright -all rights reserved EFTA_R1_00348232 EFTA01910260"
478,pdfs/kronprinsessen/EFTA00950895.pdf,EFTA00950895.pdf,Jeffrey Epstein,H.K.H. Kronprinsessen,2012-12-26 23:23:15+00:00,Re:," hopefully , and if you want you and husband can fly back with us sat eyeing or come any other day, > "
480,pdfs/kronprinsessen/EFTA01913497.pdf,EFTA01913497.pdf,Jeffrey Epstein,H.K.H. Kronprinsessen,2012-12-26 23:13:24+00:00,, will fly to st barth sat
481,pdfs/kronprinsessen/EFTA00950887.pdf,EFTA00950887.pdf,Jeffrey Epstein,H.K.H. Kronprinsessen,2012-12-26 23:13:24+00:00,, will fly to st barth sat
488,pdfs/kronprinsessen/EFTA01914040.pdf,EFTA01914040.pdf,Jeffrey Epstein,H.K.H. Kronprinsessen,2012-12-24 11:18:50+00:00,, st barths?
489,pdfs/kronprinsessen/EFTA00876147.pdf,EFTA00876147.pdf,Jeffrey Epstein,H.K.H. Kronprinsessen,2012-12-24 11:18:50+00:00,, st barths?
490,pdfs/kronprinsessen/EFTA00875978.pdf,EFTA00875978.pdf,Jeffrey Epstein,H.K.H. Kronprinsessen,2012-12-21 11:35:19+00:00,Re:, whoops 
492,pdfs/kronprinsessen/EFTA00875973.pdf,EFTA00875973.pdf,Jeffrey Epstein,H.K.H. Kronprinsessen,2012-12-21 10:52:28+00:00,, the weather is beautiful here
495,pdfs/kronprinsessen/EFTA00950787.pdf,EFTA00950787.pdf,Jeffrey Epstein,H.K.H. Kronprinsessen,2012-12-18 11:25:43+00:00,, palm beach? sue/
496,pdfs/kronprinsessen/EFTA02317459.pdf,EFTA02317459.pdf,Jeffrey Epstein,H.K.H. Kronprinsessen,2012-12-17 18:31:00+00:00,Fwd:," Subject: Re: Date: December 16, 2012 10:01:58 AM =ST To: ""H.K.H. Kronprinsessen"" < Cc: no, mesage re palm beach„ if you could email her directly and =ooridnate with IIIIIII your palm beach trip. "
497,pdfs/kronprinsessen/EFTA00557597.pdf,EFTA00557597.pdf,Jeffrey Epstein,H.K.H. Kronprinsessen,2012-12-17 18:30:47+00:00,Fwd:," Subject: Re: Date: December 16, 2012 10:01:58 AM EST To: ""H.K.H. Kron rinsessen"" < Cc: no, mesa e re alm beach, if you could email her directly and cooridnate with your palm beach trip. "
500,pdfs/kronprinsessen/EFTA00950046.pdf,EFTA00950046.pdf,Jeffrey Epstein,H.K.H. Kronprinsessen,2012-12-16 15:02:25+00:00,Re:, 
501,pdfs/kronprinsessen/EFTA00557450.pdf,EFTA00557450.pdf,Jeffrey Epstein,H.K.H. Kronprinsessen,2012-12-16 15:01:58+00:00,Re:," no, mesa e re palm beach, if you could email her directly and cooridnate with your palm beach trip. "
504,pdfs/kronprinsessen/EFTA00950139.pdf,EFTA00950139.pdf,Jeffrey Epstein,H.K.H. Kronprinsessen,2012-12-11 04:49:05+00:00,, cute outfit at ceremony
506,pdfs/kronprinsessen/EFTA00949540.pdf,EFTA00949540.pdf,Jeffrey Epstein,H.K.H. Kronprinsessen,2012-12-10 12:25:06+00:00,," we should firm up palm beach trip. ,"
507,pdfs/kronprinsessen/EFTA00949876.pdf,EFTA00949876.pdf,Jeffrey Epstein,H.K.H. Kronprinsessen,2012-12-08 11:54:05+00:00,," hamesss the energy of the fire, it can power many things, . don't let it burn down your life"
509,pdfs/kronprinsessen/EFTA00949789.pdf,EFTA00949789.pdf,Jeffrey Epstein,H.K.H. Kronprinsessen,2012-12-06 12:38:36+00:00,," we are going houseware shopping , want to come. ?"
511,pdfs/kronprinsessen/EFTA00949723.pdf,EFTA00949723.pdf,Jeffrey Epstein,H.K.H. Kronprinsessen,2012-12-05 20:34:11+00:00,Re:, Be well 
514,pdfs/kronprinsessen/EFTA00949707.pdf,EFTA00949707.pdf,Jeffrey Epstein,H.K.H. Kronprinsessen,2012-12-05 17:46:57+00:00,Re:, Sony 
517,pdfs/kronprinsessen/EFTA00949679.pdf,EFTA00949679.pdf,Jeffrey Epstein,H.K.H. Kronprinsessen,2012-12-05 12:29:20+00:00,Re:, http://www.spaethcom.com/bios-detail.php?id=1 as promised . call merry and use my name 
518,pdfs/kronprinsessen/EFTA00949667.pdf,EFTA00949667.pdf,Jeffrey Epstein,H.K.H. Kronprinsessen,2012-12-05 11:25:42+00:00,Re:," i want to go shopping, for housewares bon marche ? 15 30 ? very ordinary pedestrian "
520,pdfs/kronprinsessen/EFTA00949657.pdf,EFTA00949657.pdf,Jeffrey Epstein,H.K.H. Kronprinsessen,2012-12-05 11:20:15+00:00,, what are todays plans
521,pdfs/kronprinsessen/EFTA00948569.pdf,EFTA00948569.pdf,Jeffrey Epstein,H.K.H. Kronprinsessen,2012-12-04 20:07:22+00:00,,
522,pdfs/kronprinsessen/EFTA01975692.pdf,EFTA01975692.pdf,Jeffrey Epstein,H.K.H. Kronprinsessen,2012-12-04 20:07:22+00:00,,
526,pdfs/kronprinsessen/EFTA01976351.pdf,EFTA01976351.pdf,Jeffrey Epstein,H.K.H. Kronprinsessen,2012-12-03 19:51:00+00:00,IMG_6451, To: jcevacation@gmail.com <IMG 6451 jpg> IMG_6451
528,pdfs/kronprinsessen/EFTA02562992.pdf,EFTA02562992.pdf,Jeffrey Epstein,H.K.H. Kronprinsessen,2012-12-03 18:56:00+00:00,Fwd: IMG_6451," thanks Forwarded message -----_---- From: jeffreyepstein <jeevacation@gmail.comga» <mailto:jeevacation@gmail.com> Date: Mon, Dec 3, 2012 at 7:51 PM Subject: IMG_6451 To: jeevacation@gmail.com IMG_6451 =AO r•r ***** **•**= ******* ****** ***** *•*** ******** ***** ******* ** The information contained=in this communication is confidential, may be attorney-client privilege=, may constitute inside information, and is intended only for the use of the a=dressee. It is the property of Jeffrey Epstein Unauthorized use, di=closure or copying of this communication or any part thereof is strictl= prohibited and may be unlawful. If you have received this communication in error, p=ease notify us immediately by return e-mail or by e-mail to jeevacation@gmail.com, =nd destroy this communication and all copies thereof, including all attachm=nts. copyright -all rights reserved EFTA_R1_01725429 EFTA02562992"
544,pdfs/kronprinsessen/EFTA01764639.pdf,EFTA01764639.pdf,Jeffrey Epstein,H.K.H. Kronprinsessen,2012-11-30 16:08:00+00:00,Re:, Ok Sorry for all the typos .Sent from my iPhone 
551,pdfs/kronprinsessen/EFTA00949324.pdf,EFTA00949324.pdf,Jeffrey Epstein,H.K.H. Kronprinsessen,2012-11-29 18:52:50+00:00,, I should be at the continental tomorow night. you?
552,pdfs/kronprinsessen/EFTA01976449.pdf,EFTA01976449.pdf,Jeffrey Epstein,H.K.H. Kronprinsessen,2012-11-29 18:52:50+00:00,, I should be at the continental tomorow night. you?
555,pdfs/kronprinsessen/EFTA00876256.pdf,EFTA00876256.pdf,Jeffrey Epstein,H.K.H. Kronprinsessen,2012-11-25 17:18:58+00:00,," see you friday, in oslo"
557,pdfs/kronprinsessen/EFTA01975730.pdf,EFTA01975730.pdf,Jeffrey Epstein,H.K.H. Kronprinsessen,2012-11-24 17:36:26+00:00,, will he in oslo on thurs
558,pdfs/kronprinsessen/EFTA01977025.pdf,EFTA01977025.pdf,Jeffrey Epstein,H.K.H. Kronprinsessen,2012-11-18 20:05:03+00:00,, any better?
559,pdfs/kronprinsessen/EFTA00948234.pdf,EFTA00948234.pdf,Jeffrey Epstein,H.K.H. Kronprinsessen,2012-11-18 18:05:03+00:00,, any better?
561,pdfs/kronprinsessen/EFTA00948386.pdf,EFTA00948386.pdf,Jeffrey Epstein,H.K.H. Kronprinsessen,2012-11-14 00:58:46+00:00,Re:, good keep going and yes maybe 
563,pdfs/kronprinsessen/EFTA00947422.pdf,EFTA00947422.pdf,Jeffrey Epstein,H.K.H. Kronprinsessen,2012-11-13 12:57:12+00:00,Re:," let them decide , mother shoudl stay out of it "
568,pdfs/kronprinsessen/EFTA01762588.pdf,EFTA01762588.pdf,Jeffrey Epstein,H.K.H. Kronprinsessen,2012-11-12 16:16:00+00:00,"Photo from Nov 6, 2012", EFTA_R1_00068108 EFTA01762588
576,pdfs/kronprinsessen/EFTA00947852.pdf,EFTA00947852.pdf,Jeffrey Epstein,H.K.H. Kronprinsessen,2012-11-12 12:43:47+00:00,Re:," let the white mix with the red„ breath infor five, hold. mix„ for five out for five„ "
577,pdfs/kronprinsessen/EFTA00947851.pdf,EFTA00947851.pdf,Jeffrey Epstein,H.K.H. Kronprinsessen,2012-11-12 12:42:47+00:00,Re:," it will change„ give it time.. the intensity will dimish„ remember to breathe in pure white, the colors out will become peaceful. "
582,pdfs/kronprinsessen/EFTA00947827.pdf,EFTA00947827.pdf,Jeffrey Epstein,H.K.H. Kronprinsessen,2012-11-12 03:55:55+00:00,," how are you„ you sounded beat ? hope you are feeling better, st bans will be fun"
586,pdfs/kronprinsessen/EFTA00947200.pdf,EFTA00947200.pdf,Jeffrey Epstein,H.K.H. Kronprinsessen,2012-11-02 02:14:40+00:00,Re: Re:," Jan 20 , Inauguration Day "
596,pdfs/kronprinsessen/EFTA00947185.pdf,EFTA00947185.pdf,Jeffrey Epstein,H.K.H. Kronprinsessen,2012-11-01 23:17:52+00:00,Re:," tons, and they all lead to the same conclusion, that nature protects even its vegtables. . the most potent poisons are NATURAL, the most diseases are a result of other species winnng out, the idea that living in sync with nature is not from 1998 but from 1998 BC . a concept that championed four humors. earth water fire etc. , anti -biotics , are exactly that, things that kill natural organisms, . i hope you are smiling, i know you prefer to live inthe land of make believe, me too "
613,pdfs/kronprinsessen/EFTA00947137.pdf,EFTA00947137.pdf,Jeffrey Epstein,H.K.H. Kronprinsessen,2012-11-01 19:01:11+00:00,, http://health.usnews.com/health-news/news/articles/201 2/09/03/organic-foods-not-healthier-or-more-nutritious- study-says
614,pdfs/kronprinsessen/EFTA00947136.pdf,EFTA00947136.pdf,Jeffrey Epstein,H.K.H. Kronprinsessen,2012-11-01 18:54:48+00:00,, https://www.youtube.corn/watch?v=jEgojvJJ8ew
617,pdfs/kronprinsessen/EFTA00947119.pdf,EFTA00947119.pdf,Jeffrey Epstein,H.K.H. Kronprinsessen,2012-11-01 17:45:12+00:00,Re:, send me a number to call 
623,pdfs/kronprinsessen/EFTA00947089.pdf,EFTA00947089.pdf,Jeffrey Epstein,H.K.H. Kronprinsessen,2012-11-01 10:49:48+00:00,Re:, reading 
625,pdfs/kronprinsessen/EFTA00947087.pdf,EFTA00947087.pdf,Jeffrey Epstein,H.K.H. Kronprinsessen,2012-11-01 10:32:56+00:00,Re:, Bell 430 
630,pdfs/kronprinsessen/EFTA00947072.pdf,EFTA00947072.pdf,Jeffrey Epstein,H.K.H. Kronprinsessen,2012-10-31 22:39:31+00:00,, ok„ i will not come to norway„ when are you next in the states?
635,pdfs/kpm/EFTA00947544.pdf,EFTA00947544.pdf,Jeffrey Epstein,H.K.H. Kronprinsessen,2012-10-30 23:02:37+00:00,Re:," no should i ?, i will be in paris for the 20-22 , then oslo "
636,pdfs/kpm/EFTA00947542.pdf,EFTA00947542.pdf,Jeffrey Epstein,H.K.H. Kronprinsessen,2012-10-30 22:18:52+00:00,Re:, do i book the continetal or the radison? 
639,pdfs/kronprinsessen/EFTA00947532.pdf,EFTA00947532.pdf,Jeffrey Epstein,H.K.H. Kronprinsessen,2012-10-30 21:27:59+00:00,, i plan to come to oslo the weekend of the 23 rd of nov.
643,pdfs/kronprinsessen/EFTA00945892.pdf,EFTA00945892.pdf,Jeffrey Epstein,H.K.H. Kronprinsessen,2012-10-21 23:27:04+00:00,, Im planning on nonvay the 15-19 .
644,pdfs/kronprinsessen/EFTA00945849.pdf,EFTA00945849.pdf,Jeffrey Epstein,H.K.H. Kronprinsessen,2012-10-21 10:53:00+00:00,Re:," was my future ex wife and mother of my children there. boris and i are looking for 20 something year old genes , so i can have someone to leave the island to "
645,pdfs/kronprinsessen/EFTA00945844.pdf,EFTA00945844.pdf,Jeffrey Epstein,H.K.H. Kronprinsessen,2012-10-21 10:47:47+00:00,Re:," ok, then read Bonfire of the vanitites , tom wolfe "" theodore dreiser. the financier. , catch 22. - joseph heifer. , "
648,pdfs/kronprinsessen/EFTA00945836.pdf,EFTA00945836.pdf,Jeffrey Epstein,H.K.H. Kronprinsessen,2012-10-21 06:53:27+00:00,Re:, did you switch your home page to arts and letters daily as i instructed? 
651,pdfs/kronprinsessen/EFTA00945827.pdf,EFTA00945827.pdf,Jeffrey Epstein,H.K.H. Kronprinsessen,2012-10-21 01:09:55+00:00,," weather was too bad, i returned to ny.. how was your wedding."
654,pdfs/kronprinsessen/EFTA00944860.pdf,EFTA00944860.pdf,Jeffrey Epstein,H.K.H. Kronprinsessen,2012-10-16 08:46:46+00:00,Re: Coming to Oslo ?, phone number? 
657,pdfs/kronprinsessen/EFTA00943480.pdf,EFTA00943480.pdf,Jeffrey Epstein,H.K.H. Kronprinsessen,2012-09-26 13:46:55+00:00,, are you coming
659,pdfs/kronprinsessen/EFTA00943911.pdf,EFTA00943911.pdf,Jeffrey Epstein,H.K.H. Kronprinsessen,2012-09-23 21:57:39+00:00,Re:, not the type you really need 
661,pdfs/kronprinsessen/EFTA00943899.pdf,EFTA00943899.pdf,Jeffrey Epstein,H.K.H. Kronprinsessen,2012-09-23 21:26:58+00:00,Re:, in fact wed night i have the princeton english professor michael wood for dinner at 7 
662,pdfs/kronprinsessen/EFTA00943893.pdf,EFTA00943893.pdf,Jeffrey Epstein,H.K.H. Kronprinsessen,2012-09-23 20:44:31+00:00,Re:, thurs 330? 
664,pdfs/kronprinsessen/EFTA00699551.pdf,EFTA00699551.pdf,Jeffrey Epstein,H.K.H. Kronprinsessen,2012-09-23 20:22:23+00:00,Re:, Monday? Sony for all the typos .Sent from my iPhone 
668,pdfs/kronprinsessen/EFTA00943827.pdf,EFTA00943827.pdf,Jeffrey Epstein,H.K.H. Kronprinsessen,2012-09-23 12:31:22+00:00,Re:, I have the president of the Maldives for dinner. you are welcme 
670,pdfs/kronprinsessen/EFTA00943817.pdf,EFTA00943817.pdf,Jeffrey Epstein,H.K.H. Kronprinsessen,2012-09-23 03:05:10+00:00,Re:," I have all your friends here„ cg of norway, ambassador. , terje, thorbjorn.. where are you ? "
755,pdfs/kronprinsessen/EFTA00926979.pdf,EFTA00926979.pdf,Jeffrey Epstein,H.K.H. Kronprinsessen,2011-12-24 13:00:58+00:00,Re:, road less traveled had no snow 
756,pdfs/kronprinsessen/EFTA00926970.pdf,EFTA00926970.pdf,Jeffrey Epstein,H.K.H. Kronprinsessen,2011-12-24 12:22:35+00:00,Re:, joy 
762,pdfs/kronprinsessen/EFTA00656628.pdf,EFTA00656628.pdf,Jeffrey Epstein,H.K.H. Kronprinsessen,2011-12-24 11:58:06+00:00,Re:, Yes Sent from my iPad 
763,pdfs/kronprinsessen/EFTA01988151.pdf,EFTA01988151.pdf,Jeffrey Epstein,H.K.H. Kronprinsessen,2011-12-24 11:58:06+00:00,Re:, Yes EFTA_R1_00479890 EFTA01988151
764,pdfs/kronprinsessen/EFTA02548393.pdf,EFTA02548393.pdf,Jeffrey Epstein,H.K.H. Kronprinsessen,2011-12-24 11:58:00+00:00,Re:," Yes Sent from my iPad On Dec 24, 2011, at 7:44 AM, ""H.K.H. Kronprinsessen o=e: > Jeff Island ? > Den 24. des. 2011 kl. 12:37 skrev jeffrey epstein <jeevacation@gmail.com>:=> » H Xmas » Sent from my iPad <?xml version=.0"" encoding=TF-8""?> <!DOCTYPE plist PUBLIC ""-//Apple//DTD PLIST 1.0//EN"" ""http://www.apple.com/DTDs/PropertyList-1.O.dtd""> <plist version=.0""> <dict> <key>conversation-id</key> <integer>208206</integer> <key>date-last-viewed</key> <integer>0</integer> <key>date-received</key> <integer>1324727750</integer> <key>flags</key> <integer>8590195713</integer> <key>remote-id</key> <string>197713</string> </dict> </plist> 1 EFTA_R1_01703256 EFTA02548393"
765,pdfs/kronprinsessen/EFTA02359898.pdf,EFTA02359898.pdf,Jeffrey Epstein,H.K.H. Kronprinsessen,2011-12-24 11:58:00+00:00,Re:," Yes Sent from my iPad On Dec 24, 2011, at 7:44 AM, ""H.K.H. Kronprinsessen"" wro=e: > Jeff Island ? > Den 24. des. 2011 kl. 12:37 skrev jeffrey epstein <jeevacation@gmail.com>:=> » H Xmas » Sent from my iPad <?xml version=.0"" encoding=TF-8""?> <!DOCTYPE plist PUBLIC ""-//Apple//DTD PLIST 1.0//EN"" ""http://www.apple.com/DTDs/PropertyList-1.O.dtd""> <plist version=.0""> <dict> <key>date-last-viewed</key> <real>0.0</real> <key>date-received</key> <real>1324727750</real> <key>flags</key> <integer>8590195713</integer> <key>original-mailbox</key> <string>imap:Meevacation@imap.gmail.com/%5BGmail%5D/All%20Mail</string> <key>remote-id</key> <string>197713</string> </dict> </plist> 1 EFTA_R1_01349274 EFTA02359898"
766,pdfs/kronprinsessen/EFTA01772430.pdf,EFTA01772430.pdf,Jeffrey Epstein,H.K.H. Kronprinsessen,2011-12-24 11:58:00+00:00,Re:," Yes Sent from my iPad On Dec 24, 2011, at 7:44 AM, ""H.K.H. Kronprinsessen"" wro=e: > Jeff Island ? > Den 24. des. 2011 kl. 12:37 skrev jeffrey epstei » H Xmas » Sent from my iPad <?xml version=.0"" encoding=TF-8""?> <!DOCTYPE plist PUBLIC ""-//Apple//DTD PLIST 1.0//EN"" ""http://www.apple.com/DTDs/PropertyList-1.O.dtd""> <plist version=.0""> <dict> <key>date-last-viewedgkey> <integer>0</integer> <key>date-received</key> <integer>1324727750</integer> <key>flags</key> <integer>8590195713</integer> <key>gmail-label-ids</key> <array> <integer>22</integer> <integer>23</integer> </array> <key>remote-id</key> <string>197713</string> </diet> </plist> 1 EFTA_R1_00084618 EFTA01772430"
773,pdfs/kronprinsessen/EFTA02548334.pdf,EFTA02548334.pdf,Jeffrey Epstein,H.K.H. Kronprinsessen,2011-12-24 11:38:00+00:00,," H Xmas Sent from my iPad <?xml version=""1.0"" encoding=""UTF-8""?> <WOCTYPE plist PUBLIC ""-//Apple//DTD PUST 1.0//EN"" ""http://www.apple.com/DTDs/Propertylist-1.0.dtd""> <plist version=""1.0""> <dict> <key>conversation-idgkey> <integer>208206</integer> <key>date-last-viewed</key> <integer>0</integer> <key>date-received</key> <integer>1324726520</integer> <key>flags</key> <integer>8590195713</integer> <key>remote-id</key> <string>197706</string> </dict> </plist> EFTA_R1_01703189 EFTA02548334"
774,pdfs/kronprinsessen/EFTA02360790.pdf,EFTA02360790.pdf,Jeffrey Epstein,H.K.H. Kronprinsessen,2011-12-24 11:38:00+00:00,," H Xmas Sent from my iPad <?xml version=""1.0"" encoding=""UTF-8""?> <WOCTYPE plist PUBLIC ""-//Apple//DTD PUST 1.0//EN"" ""http://www.apple.com/DTDs/Propertylist-1.0.dtd""> <plist version=""1.0""> <dict> <key>date-last-viewed</key> creal>0.0</real> <key>date-received</key> creal>1324726520</real> <key>flags</key> <integer>8590195713</integer> <key>original-mailbox</key> <string>imap://jeevacation@imap.gmail.com/%59,Gmail%5D/All%20Mail</string> <key>remote-id</key> <string>197706</string> </dict> </plist> 1 EFTA_R1_01352308 EFTA02360790"
775,pdfs/kronprinsessen/EFTA02695490.pdf,EFTA02695490.pdf,Jeffrey Epstein,H.K.H. Kronprinsessen,2011-12-24 11:38:00+00:00,," H Xmas Sent from my iPad <?xml version=""1.0"" encoding=""UTF-8""?> <WOCTYPE plist PUBLIC ""-//Apple//DTD PUST 1.0//EN"" ""http://www.apple.com/DTDs/Propertylist-1.0.dtd""> <plist version=""1.0""> <dict> <key>date-last-viewed</key> <integer>0</integer> <key>date-received</key> <integer>1.324726520</integer> <key>flags</key> <integer>8590195713</integer> <key>remote-id</key> <string>197706</string> </dict> </plist> 1 EFTA_R1_02046248 EFTA02695490"
776,pdfs/kronprinsessen/EFTA01770634.pdf,EFTA01770634.pdf,Jeffrey Epstein,H.K.H. Kronprinsessen,2011-12-24 11:38:00+00:00,," H Xmas Sent from my iPad <?xml version=""1.0"" encoding=""UTF-8""?> <WOCTYPE plist PUBLIC ""-//Apple//0T0 PUST 1.0//EN"" ""http://www.apple.com/DTDs/Propertylist-1.0.dtd""> <plist version=""1.0""> <dict> <key>date-last-viewed</key> <integer>0</integer> <key>date-received</key> <integer>1324726520</integer> <key>flags</key> <integer>8590195713</integer> <key>gmail-label-ids</key> <array> <integer>23</integer> </array> <key>remote-id</key> <string>197706</string> </dict> </plist> EFTA_R1_00081816 EFTA01770634"
777,pdfs/kronprinsessen/EFTA00656612.pdf,EFTA00656612.pdf,Jeffrey Epstein,H.K.H. Kronprinsessen,2011-12-24 11:37:34+00:00,, H Xmas Sent from my iPad EFTA00656612
781,pdfs/kronprinsessen/EFTA00925454.pdf,EFTA00925454.pdf,Jeffrey Epstein,H.K.H. Kronprinsessen,2011-12-14 13:10:34+00:00,, new york?
796,pdfs/kronprinsessen/EFTA00923037.pdf,EFTA00923037.pdf,Jeffrey Epstein,H.K.H. Kronprinsessen,2011-11-07 09:41:11+00:00,, wherea reyou
803,pdfs/kronprinsessen/EFTA00922913.pdf,EFTA00922913.pdf,Jeffrey Epstein,H.K.H. Kronprinsessen,2011-10-26 11:20:36+00:00,, what bodily fluid is sweetness. or is it just the soul
807,pdfs/kronprinsessen/EFTA00922861.pdf,EFTA00922861.pdf,Jeffrey Epstein,H.K.H. Kronprinsessen,2011-10-25 12:11:10+00:00,," like sweetness, you can read the nabokov story of siamiese twins.. two people joined at the hip, with diffierent views."
808,pdfs/kronprinsessen/EFTA00922809.pdf,EFTA00922809.pdf,Jeffrey Epstein,H.K.H. Kronprinsessen,2011-10-24 15:24:52+00:00,Re: Re: Re: Re: Re: Re:, understood 
811,pdfs/kronprinsessen/EFTA00922805.pdf,EFTA00922805.pdf,Jeffrey Epstein,H.K.H. Kronprinsessen,2011-10-24 15:19:37+00:00,Re: Re: Re: Re: Re:, I can see you have yet to find a place of peace 
813,pdfs/kronprinsessen/EFTA00922801.pdf,EFTA00922801.pdf,Jeffrey Epstein,H.K.H. Kronprinsessen,2011-10-24 14:40:29+00:00,Re: Re: Re: Re:," they can scratch in itch in your soul„ or create an itch, to be scratched later. scratch your soul means to damage it. like scratching a line "
816,pdfs/kronprinsessen/EFTA00922796.pdf,EFTA00922796.pdf,Jeffrey Epstein,H.K.H. Kronprinsessen,2011-10-24 13:43:14+00:00,Re: Re: Re:," i hope that you understand that ""what and why"" is english that is incorrect. they are all powerful images, ,nothing left to the imagination. "
817,pdfs/kronprinsessen/EFTA01994170.pdf,EFTA01994170.pdf,Jeffrey Epstein,H.K.H. Kronprinsessen,2011-10-24 13:43:14+00:00,Re: Re: Re:, EFTA_R1_00488063 EFTA01994170
820,pdfs/kronprinsessen/EFTA01772997.pdf,EFTA01772997.pdf,Jeffrey Epstein,H.K.H. Kronprinsessen,2011-10-24 06:27:00+00:00,Re: Re:, Sweetness is a better translation ..thanks Sent from my iPad 
824,pdfs/kronprinsessen/EFTA00922728.pdf,EFTA00922728.pdf,Jeffrey Epstein,H.K.H. Kronprinsessen,2011-10-23 12:26:48+00:00,Re:, it would be like trying to read with my eyes closed. Nabokov/dp/0 156027755 
